fs_method,similarity_measure,top_k,estimate
random,jaccard,5,0.0
random,jaccard,10,0.05263157894736842
random,jaccard,15,0.1111111111111111
random,jaccard,20,0.1111111111111111
random,jaccard,25,0.13636363636363635
random,dice,5,0.0
random,dice,10,0.1
random,dice,15,0.2
random,dice,20,0.2
random,dice,25,0.24
random,kuncheva,5,-0.05952380952380952
random,kuncheva,10,-0.013924050632911392
random,kuncheva,15,0.03783783783783784
random,kuncheva,20,-0.03188405797101449
random,kuncheva,25,-0.056875
random,mwm,5,0.3248425219088746
random,mwm,10,0.4607663382383239
random,mwm,15,0.5788197487173302
random,mwm,20,0.5875697474352685
random,mwm,25,0.6117521546734576
random,global_spearman,NA,0.016581545795028907
random,jaccard,5,0.0
random,jaccard,10,0.05263157894736842
random,jaccard,15,0.07142857142857142
random,jaccard,20,0.17647058823529413
random,jaccard,25,0.19047619047619047
random,dice,5,0.0
random,dice,10,0.1
random,dice,15,0.13333333333333333
random,dice,20,0.3
random,dice,25,0.32
random,kuncheva,5,-0.05952380952380952
random,kuncheva,10,-0.013924050632911392
random,kuncheva,15,-0.04234234234234234
random,kuncheva,20,0.09710144927536232
random,kuncheva,25,0.054375
random,mwm,5,0.26804422265920447
random,mwm,10,0.4129511139397358
random,mwm,15,0.4683502138120389
random,mwm,20,0.5765356489919944
random,mwm,25,0.5971218685394749
random,global_spearman,NA,-0.1333333333333333
random,jaccard,5,0.0
random,jaccard,10,0.0
random,jaccard,15,0.034482758620689655
random,jaccard,20,0.05263157894736842
random,jaccard,25,0.1111111111111111
random,dice,5,0.0
random,dice,10,0.0
random,dice,15,0.06666666666666667
random,dice,20,0.1
random,dice,25,0.2
random,kuncheva,5,-0.05952380952380952
random,kuncheva,10,-0.12658227848101267
random,kuncheva,15,-0.12252252252252252
random,kuncheva,20,-0.1608695652173913
random,kuncheva,25,-0.1125
random,mwm,5,0.18575604358852385
random,mwm,10,0.2609662787172863
random,mwm,15,0.3564568765730607
random,mwm,20,0.4302208037677569
random,mwm,25,0.5218106469790651
random,global_spearman,NA,-0.12691521961184882
random,jaccard,5,0.0
random,jaccard,10,0.0
random,jaccard,15,0.07142857142857142
random,jaccard,20,0.08108108108108109
random,jaccard,25,0.13636363636363635
random,dice,5,0.0
random,dice,10,0.0
random,dice,15,0.13333333333333333
random,dice,20,0.15
random,dice,25,0.24
random,kuncheva,5,-0.05952380952380952
random,kuncheva,10,-0.12658227848101267
random,kuncheva,15,-0.04234234234234234
random,kuncheva,20,-0.0963768115942029
random,kuncheva,25,-0.056875
random,mwm,5,0.3111727290859932
random,mwm,10,0.3602068875019011
random,mwm,15,0.47290894521006677
random,mwm,20,0.556570379115739
random,mwm,25,0.5981179433550436
random,global_spearman,NA,0.004715696288730031
random,jaccard,5,0.0
random,jaccard,10,0.17647058823529413
random,jaccard,15,0.1111111111111111
random,jaccard,20,0.14285714285714285
random,jaccard,25,0.28205128205128205
random,dice,5,0.0
random,dice,10,0.3
random,dice,15,0.2
random,dice,20,0.25
random,dice,25,0.44
random,kuncheva,5,-0.05952380952380952
random,kuncheva,10,0.21139240506329113
random,kuncheva,15,0.03783783783783784
random,kuncheva,20,0.03260869565217391
random,kuncheva,25,0.22125
random,mwm,5,0.3471971197119712
random,mwm,10,0.5214413441344135
random,mwm,15,0.4797342794884186
random,mwm,20,0.5672636351106126
random,mwm,25,0.6595642878412085
random,global_spearman,NA,0.06128702757916238
random,jaccard,5,0.0
random,jaccard,10,0.0
random,jaccard,15,0.0
random,jaccard,20,0.08108108108108109
random,jaccard,25,0.16279069767441862
random,dice,5,0.0
random,dice,10,0.0
random,dice,15,0.0
random,dice,20,0.15
random,dice,25,0.28
random,kuncheva,5,-0.05952380952380952
random,kuncheva,10,-0.12658227848101267
random,kuncheva,15,-0.20270270270270271
random,kuncheva,20,-0.0963768115942029
random,kuncheva,25,-0.00125
random,mwm,5,0.3802196219621962
random,mwm,10,0.3994659011788801
random,mwm,15,0.40281198455287276
random,mwm,20,0.5263093286391421
random,mwm,25,0.576326190784101
random,global_spearman,NA,-0.10110657133129042
random,jaccard,5,0.0
random,jaccard,10,0.05263157894736842
random,jaccard,15,0.07142857142857142
random,jaccard,20,0.08108108108108109
random,jaccard,25,0.13636363636363635
random,dice,5,0.0
random,dice,10,0.1
random,dice,15,0.13333333333333333
random,dice,20,0.15
random,dice,25,0.24
random,kuncheva,5,-0.05952380952380952
random,kuncheva,10,-0.013924050632911392
random,kuncheva,15,-0.04234234234234234
random,kuncheva,20,-0.0963768115942029
random,kuncheva,25,-0.056875
random,mwm,5,0.5365808580858086
random,mwm,10,0.4706320000467555
random,mwm,15,0.5233789076939729
random,mwm,20,0.58293678658484
random,mwm,25,0.6196323983857609
random,global_spearman,NA,-0.12414027919645898
random,jaccard,5,0.0
random,jaccard,10,0.0
random,jaccard,15,0.034482758620689655
random,jaccard,20,0.05263157894736842
random,jaccard,25,0.16279069767441862
random,dice,5,0.0
random,dice,10,0.0
random,dice,15,0.06666666666666667
random,dice,20,0.1
random,dice,25,0.28
random,kuncheva,5,-0.05952380952380952
random,kuncheva,10,-0.12658227848101267
random,kuncheva,15,-0.12252252252252252
random,kuncheva,20,-0.1608695652173913
random,kuncheva,25,-0.00125
random,mwm,5,0.2743906390639064
random,mwm,10,0.3293673888331444
random,mwm,15,0.4200111025064247
random,mwm,20,0.49262027895448035
random,mwm,25,0.580731743079294
random,global_spearman,NA,-0.06031664964249228
random,jaccard,5,0.0
random,jaccard,10,0.05263157894736842
random,jaccard,15,0.034482758620689655
random,jaccard,20,0.08108108108108109
random,jaccard,25,0.08695652173913043
random,dice,5,0.0
random,dice,10,0.1
random,dice,15,0.06666666666666667
random,dice,20,0.15
random,dice,25,0.16
random,kuncheva,5,-0.05952380952380952
random,kuncheva,10,-0.013924050632911392
random,kuncheva,15,-0.12252252252252252
random,kuncheva,20,-0.0963768115942029
random,kuncheva,25,-0.168125
random,mwm,5,0.40715751575157516
random,mwm,10,0.48087949612243897
random,mwm,15,0.5427747716438113
random,mwm,20,0.533361756847234
random,mwm,25,0.562333350042108
random,global_spearman,NA,-0.15658835546476002
random,jaccard,5,0.0
random,jaccard,10,0.1111111111111111
random,jaccard,15,0.07142857142857142
random,jaccard,20,0.14285714285714285
random,jaccard,25,0.1111111111111111
random,dice,5,0.0
random,dice,10,0.2
random,dice,15,0.13333333333333333
random,dice,20,0.25
random,dice,25,0.2
random,kuncheva,5,-0.05952380952380952
random,kuncheva,10,0.09873417721518987
random,kuncheva,15,-0.04234234234234234
random,kuncheva,20,0.03260869565217391
random,kuncheva,25,-0.1125
random,mwm,5,0.455997599759976
random,mwm,10,0.4292475620248166
random,mwm,15,0.4865564568937878
random,mwm,20,0.5595761867637156
random,mwm,25,0.5508321095191677
random,global_spearman,NA,0.005141300646918645
oneDSAE,jaccard,5,0.42857142857142855
oneDSAE,jaccard,10,0.5384615384615384
oneDSAE,jaccard,15,0.42857142857142855
oneDSAE,jaccard,20,0.42857142857142855
oneDSAE,jaccard,25,0.47058823529411764
oneDSAE,dice,5,0.6
oneDSAE,dice,10,0.7
oneDSAE,dice,15,0.6
oneDSAE,dice,20,0.6
oneDSAE,dice,25,0.64
oneDSAE,kuncheva,5,0.5761904761904761
oneDSAE,kuncheva,10,0.6620253164556962
oneDSAE,kuncheva,15,0.518918918918919
oneDSAE,kuncheva,20,0.48405797101449277
oneDSAE,kuncheva,25,0.499375
oneDSAE,mwm,5,0.7355679567956795
oneDSAE,mwm,10,0.8212877287728773
oneDSAE,mwm,15,0.7483892389238923
oneDSAE,mwm,20,0.7686660438987709
oneDSAE,mwm,25,0.7803266726672666
oneDSAE,global_spearman,NA,0.6064181137214846
oneDSAE,jaccard,5,0.25
oneDSAE,jaccard,10,0.42857142857142855
oneDSAE,jaccard,15,0.5
oneDSAE,jaccard,20,0.48148148148148145
oneDSAE,jaccard,25,0.5151515151515151
oneDSAE,dice,5,0.4
oneDSAE,dice,10,0.6
oneDSAE,dice,15,0.6666666666666666
oneDSAE,dice,20,0.65
oneDSAE,dice,25,0.68
oneDSAE,kuncheva,5,0.36428571428571427
oneDSAE,kuncheva,10,0.549367088607595
oneDSAE,kuncheva,15,0.5990990990990991
oneDSAE,kuncheva,20,0.5485507246376812
oneDSAE,kuncheva,25,0.555
oneDSAE,mwm,5,0.6277947794779479
oneDSAE,mwm,10,0.7685364536453646
oneDSAE,mwm,15,0.7915791579157915
oneDSAE,mwm,20,0.7517623698783988
oneDSAE,mwm,25,0.7913284128412842
oneDSAE,global_spearman,NA,0.6917773237997957
oneDSAE,jaccard,5,0.25
oneDSAE,jaccard,10,0.3333333333333333
oneDSAE,jaccard,15,0.5
oneDSAE,jaccard,20,0.6
oneDSAE,jaccard,25,0.5625
oneDSAE,dice,5,0.4
oneDSAE,dice,10,0.5
oneDSAE,dice,15,0.6666666666666666
oneDSAE,dice,20,0.75
oneDSAE,dice,25,0.72
oneDSAE,kuncheva,5,0.36428571428571427
oneDSAE,kuncheva,10,0.43670886075949367
oneDSAE,kuncheva,15,0.5990990990990991
oneDSAE,kuncheva,20,0.677536231884058
oneDSAE,kuncheva,25,0.610625
oneDSAE,mwm,5,0.6604740474047406
oneDSAE,mwm,10,0.6167416741674168
oneDSAE,mwm,15,0.7305794579457946
oneDSAE,mwm,20,0.821972397239724
oneDSAE,mwm,25,0.821192073176177
oneDSAE,global_spearman,NA,0.7728975144705482
oneDSAE,jaccard,5,0.1111111111111111
oneDSAE,jaccard,10,0.25
oneDSAE,jaccard,15,0.2
oneDSAE,jaccard,20,0.17647058823529413
oneDSAE,jaccard,25,0.25
oneDSAE,dice,5,0.2
oneDSAE,dice,10,0.4
oneDSAE,dice,15,0.3333333333333333
oneDSAE,dice,20,0.3
oneDSAE,dice,25,0.4
oneDSAE,kuncheva,5,0.1523809523809524
oneDSAE,kuncheva,10,0.3240506329113924
oneDSAE,kuncheva,15,0.1981981981981982
oneDSAE,kuncheva,20,0.09710144927536232
oneDSAE,kuncheva,25,0.165625
oneDSAE,mwm,5,0.38456165616561655
oneDSAE,mwm,10,0.5264193711013327
oneDSAE,mwm,15,0.5356303158077291
oneDSAE,mwm,20,0.5564464092230336
oneDSAE,mwm,25,0.61267979451057
oneDSAE,global_spearman,NA,0.31699012597889
oneDSAE,jaccard,5,0.1111111111111111
oneDSAE,jaccard,10,0.3333333333333333
oneDSAE,jaccard,15,0.5789473684210527
oneDSAE,jaccard,20,0.48148148148148145
oneDSAE,jaccard,25,0.47058823529411764
oneDSAE,dice,5,0.2
oneDSAE,dice,10,0.5
oneDSAE,dice,15,0.7333333333333333
oneDSAE,dice,20,0.65
oneDSAE,dice,25,0.64
oneDSAE,kuncheva,5,0.1523809523809524
oneDSAE,kuncheva,10,0.43670886075949367
oneDSAE,kuncheva,15,0.6792792792792792
oneDSAE,kuncheva,20,0.5485507246376812
oneDSAE,kuncheva,25,0.499375
oneDSAE,mwm,5,0.48743354335433553
oneDSAE,mwm,10,0.7034779477947795
oneDSAE,mwm,15,0.8147638763876388
oneDSAE,mwm,20,0.7871191119111911
oneDSAE,mwm,25,0.784928412841284
oneDSAE,global_spearman,NA,0.5182158665304732
oneDSAE,jaccard,5,0.1111111111111111
oneDSAE,jaccard,10,0.3333333333333333
oneDSAE,jaccard,15,0.36363636363636365
oneDSAE,jaccard,20,0.5384615384615384
oneDSAE,jaccard,25,0.42857142857142855
oneDSAE,dice,5,0.2
oneDSAE,dice,10,0.5
oneDSAE,dice,15,0.5333333333333333
oneDSAE,dice,20,0.7
oneDSAE,dice,25,0.6
oneDSAE,kuncheva,5,0.1523809523809524
oneDSAE,kuncheva,10,0.43670886075949367
oneDSAE,kuncheva,15,0.43873873873873875
oneDSAE,kuncheva,20,0.6130434782608696
oneDSAE,kuncheva,25,0.44375
oneDSAE,mwm,5,0.5248196819681968
oneDSAE,mwm,10,0.678909090909091
oneDSAE,mwm,15,0.740120412041204
oneDSAE,mwm,20,0.789314573918466
oneDSAE,mwm,25,0.7524482344633094
oneDSAE,global_spearman,NA,0.5565883554647599
oneDSAE,jaccard,5,0.1111111111111111
oneDSAE,jaccard,10,0.25
oneDSAE,jaccard,15,0.2
oneDSAE,jaccard,20,0.3333333333333333
oneDSAE,jaccard,25,0.3888888888888889
oneDSAE,dice,5,0.2
oneDSAE,dice,10,0.4
oneDSAE,dice,15,0.3333333333333333
oneDSAE,dice,20,0.5
oneDSAE,dice,25,0.56
oneDSAE,kuncheva,5,0.1523809523809524
oneDSAE,kuncheva,10,0.3240506329113924
oneDSAE,kuncheva,15,0.1981981981981982
oneDSAE,kuncheva,20,0.35507246376811596
oneDSAE,kuncheva,25,0.388125
oneDSAE,mwm,5,0.37668406840684066
oneDSAE,mwm,10,0.5514634755117738
oneDSAE,mwm,15,0.5314642992060689
oneDSAE,mwm,20,0.6480204917708745
oneDSAE,mwm,25,0.6846222501557225
oneDSAE,global_spearman,NA,0.38462717058222673
oneDSAE,jaccard,5,0.6666666666666666
oneDSAE,jaccard,10,0.25
oneDSAE,jaccard,15,0.36363636363636365
oneDSAE,jaccard,20,0.5384615384615384
oneDSAE,jaccard,25,0.7241379310344828
oneDSAE,dice,5,0.8
oneDSAE,dice,10,0.4
oneDSAE,dice,15,0.5333333333333333
oneDSAE,dice,20,0.7
oneDSAE,dice,25,0.84
oneDSAE,kuncheva,5,0.7880952380952381
oneDSAE,kuncheva,10,0.3240506329113924
oneDSAE,kuncheva,15,0.43873873873873875
oneDSAE,kuncheva,20,0.6130434782608696
oneDSAE,kuncheva,25,0.7775
oneDSAE,mwm,5,0.8166240624062407
oneDSAE,mwm,10,0.614912691269127
oneDSAE,mwm,15,0.7244980498049804
oneDSAE,mwm,20,0.7828274763890498
oneDSAE,mwm,25,0.8770461385827177
oneDSAE,global_spearman,NA,0.748910452843037
oneDSAE,jaccard,5,0.0
oneDSAE,jaccard,10,0.1111111111111111
oneDSAE,jaccard,15,0.15384615384615385
oneDSAE,jaccard,20,0.25
oneDSAE,jaccard,25,0.25
oneDSAE,dice,5,0.0
oneDSAE,dice,10,0.2
oneDSAE,dice,15,0.26666666666666666
oneDSAE,dice,20,0.4
oneDSAE,dice,25,0.4
oneDSAE,kuncheva,5,-0.05952380952380952
oneDSAE,kuncheva,10,0.09873417721518987
oneDSAE,kuncheva,15,0.11801801801801802
oneDSAE,kuncheva,20,0.22608695652173913
oneDSAE,kuncheva,25,0.165625
oneDSAE,mwm,5,0.3239051905190519
oneDSAE,mwm,10,0.49451800264740287
oneDSAE,mwm,15,0.5315891116873172
oneDSAE,mwm,20,0.6244190492286233
oneDSAE,mwm,25,0.6453263636342851
oneDSAE,global_spearman,NA,0.22710248552945178
oneDSAE,jaccard,5,0.0
oneDSAE,jaccard,10,0.1111111111111111
oneDSAE,jaccard,15,0.07142857142857142
oneDSAE,jaccard,20,0.25
oneDSAE,jaccard,25,0.3157894736842105
oneDSAE,dice,5,0.0
oneDSAE,dice,10,0.2
oneDSAE,dice,15,0.13333333333333333
oneDSAE,dice,20,0.4
oneDSAE,dice,25,0.48
oneDSAE,kuncheva,5,-0.05952380952380952
oneDSAE,kuncheva,10,0.09873417721518987
oneDSAE,kuncheva,15,-0.04234234234234234
oneDSAE,kuncheva,20,0.22608695652173913
oneDSAE,kuncheva,25,0.276875
oneDSAE,mwm,5,0.3132361236123612
oneDSAE,mwm,10,0.4175876879330159
oneDSAE,mwm,15,0.41895144792094047
oneDSAE,mwm,20,0.5945454191240238
oneDSAE,mwm,25,0.6724128129469836
oneDSAE,global_spearman,NA,0.2936329588014981
bayesianDSAE,jaccard,5,0.42857142857142855
bayesianDSAE,jaccard,10,0.42857142857142855
bayesianDSAE,jaccard,15,0.42857142857142855
bayesianDSAE,jaccard,20,0.48148148148148145
bayesianDSAE,jaccard,25,0.47058823529411764
bayesianDSAE,dice,5,0.6
bayesianDSAE,dice,10,0.6
bayesianDSAE,dice,15,0.6
bayesianDSAE,dice,20,0.65
bayesianDSAE,dice,25,0.64
bayesianDSAE,kuncheva,5,0.5761904761904761
bayesianDSAE,kuncheva,10,0.549367088607595
bayesianDSAE,kuncheva,15,0.518918918918919
bayesianDSAE,kuncheva,20,0.5485507246376812
bayesianDSAE,kuncheva,25,0.499375
bayesianDSAE,mwm,5,0.7344470447044704
bayesianDSAE,mwm,10,0.7822502250225023
bayesianDSAE,mwm,15,0.7598079807980798
bayesianDSAE,mwm,20,0.7873117084652276
bayesianDSAE,mwm,25,0.779989198919892
bayesianDSAE,global_spearman,NA,0.6106060606060606
bayesianDSAE,jaccard,5,0.1111111111111111
bayesianDSAE,jaccard,10,0.3333333333333333
bayesianDSAE,jaccard,15,0.42857142857142855
bayesianDSAE,jaccard,20,0.48148148148148145
bayesianDSAE,jaccard,25,0.5625
bayesianDSAE,dice,5,0.2
bayesianDSAE,dice,10,0.5
bayesianDSAE,dice,15,0.6
bayesianDSAE,dice,20,0.65
bayesianDSAE,dice,25,0.72
bayesianDSAE,kuncheva,5,0.1523809523809524
bayesianDSAE,kuncheva,10,0.43670886075949367
bayesianDSAE,kuncheva,15,0.518918918918919
bayesianDSAE,kuncheva,20,0.5485507246376812
bayesianDSAE,kuncheva,25,0.610625
bayesianDSAE,mwm,5,0.5506894689468946
bayesianDSAE,mwm,10,0.7294989498949895
bayesianDSAE,mwm,15,0.738108210821082
bayesianDSAE,mwm,20,0.753949588600271
bayesianDSAE,mwm,25,0.8131989198919891
bayesianDSAE,global_spearman,NA,0.6919645897173987
bayesianDSAE,jaccard,5,0.25
bayesianDSAE,jaccard,10,0.3333333333333333
bayesianDSAE,jaccard,15,0.5
bayesianDSAE,jaccard,20,0.6
bayesianDSAE,jaccard,25,0.6129032258064516
bayesianDSAE,dice,5,0.4
bayesianDSAE,dice,10,0.5
bayesianDSAE,dice,15,0.6666666666666666
bayesianDSAE,dice,20,0.75
bayesianDSAE,dice,25,0.76
bayesianDSAE,kuncheva,5,0.36428571428571427
bayesianDSAE,kuncheva,10,0.43670886075949367
bayesianDSAE,kuncheva,15,0.5990990990990991
bayesianDSAE,kuncheva,20,0.677536231884058
bayesianDSAE,kuncheva,25,0.66625
bayesianDSAE,mwm,5,0.6604740474047406
bayesianDSAE,mwm,10,0.6318607860786079
bayesianDSAE,mwm,15,0.748929292929293
bayesianDSAE,mwm,20,0.821972397239724
bayesianDSAE,mwm,25,0.8473561295818176
bayesianDSAE,global_spearman,NA,0.7843718079673137
bayesianDSAE,jaccard,5,0.42857142857142855
bayesianDSAE,jaccard,10,0.42857142857142855
bayesianDSAE,jaccard,15,0.5
bayesianDSAE,jaccard,20,0.3793103448275862
bayesianDSAE,jaccard,25,0.42857142857142855
bayesianDSAE,dice,5,0.6
bayesianDSAE,dice,10,0.6
bayesianDSAE,dice,15,0.6666666666666666
bayesianDSAE,dice,20,0.55
bayesianDSAE,dice,25,0.6
bayesianDSAE,kuncheva,5,0.5761904761904761
bayesianDSAE,kuncheva,10,0.549367088607595
bayesianDSAE,kuncheva,15,0.5990990990990991
bayesianDSAE,kuncheva,20,0.41956521739130437
bayesianDSAE,kuncheva,25,0.44375
bayesianDSAE,mwm,5,0.7232499249924993
bayesianDSAE,mwm,10,0.7523996399639965
bayesianDSAE,mwm,15,0.769491434059742
bayesianDSAE,mwm,20,0.706750726141116
bayesianDSAE,mwm,25,0.735078953754336
bayesianDSAE,global_spearman,NA,0.7231528770854614
bayesianDSAE,jaccard,5,0.25
bayesianDSAE,jaccard,10,0.3333333333333333
bayesianDSAE,jaccard,15,0.5789473684210527
bayesianDSAE,jaccard,20,0.6
bayesianDSAE,jaccard,25,0.47058823529411764
bayesianDSAE,dice,5,0.4
bayesianDSAE,dice,10,0.5
bayesianDSAE,dice,15,0.7333333333333333
bayesianDSAE,dice,20,0.75
bayesianDSAE,dice,25,0.64
bayesianDSAE,kuncheva,5,0.36428571428571427
bayesianDSAE,kuncheva,10,0.43670886075949367
bayesianDSAE,kuncheva,15,0.6792792792792792
bayesianDSAE,kuncheva,20,0.677536231884058
bayesianDSAE,kuncheva,25,0.499375
bayesianDSAE,mwm,5,0.6365460546054607
bayesianDSAE,mwm,10,0.7034779477947795
bayesianDSAE,mwm,15,0.8138213821382139
bayesianDSAE,mwm,20,0.8346732673267325
bayesianDSAE,mwm,25,0.784928412841284
bayesianDSAE,global_spearman,NA,0.5176370446033367
bayesianDSAE,jaccard,5,0.1111111111111111
bayesianDSAE,jaccard,10,0.3333333333333333
bayesianDSAE,jaccard,15,0.36363636363636365
bayesianDSAE,jaccard,20,0.5384615384615384
bayesianDSAE,jaccard,25,0.42857142857142855
bayesianDSAE,dice,5,0.2
bayesianDSAE,dice,10,0.5
bayesianDSAE,dice,15,0.5333333333333333
bayesianDSAE,dice,20,0.7
bayesianDSAE,dice,25,0.6
bayesianDSAE,kuncheva,5,0.1523809523809524
bayesianDSAE,kuncheva,10,0.43670886075949367
bayesianDSAE,kuncheva,15,0.43873873873873875
bayesianDSAE,kuncheva,20,0.6130434782608696
bayesianDSAE,kuncheva,25,0.44375
bayesianDSAE,mwm,5,0.4803168316831684
bayesianDSAE,mwm,10,0.678909090909091
bayesianDSAE,mwm,15,0.7148266826682669
bayesianDSAE,mwm,20,0.7891729597570499
bayesianDSAE,mwm,25,0.7524482344633094
bayesianDSAE,global_spearman,NA,0.5641470888661899
bayesianDSAE,jaccard,5,0.1111111111111111
bayesianDSAE,jaccard,10,0.42857142857142855
bayesianDSAE,jaccard,15,0.5789473684210527
bayesianDSAE,jaccard,20,0.48148148148148145
bayesianDSAE,jaccard,25,0.42857142857142855
bayesianDSAE,dice,5,0.2
bayesianDSAE,dice,10,0.6
bayesianDSAE,dice,15,0.7333333333333333
bayesianDSAE,dice,20,0.65
bayesianDSAE,dice,25,0.6
bayesianDSAE,kuncheva,5,0.1523809523809524
bayesianDSAE,kuncheva,10,0.549367088607595
bayesianDSAE,kuncheva,15,0.6792792792792792
bayesianDSAE,kuncheva,20,0.5485507246376812
bayesianDSAE,kuncheva,25,0.44375
bayesianDSAE,mwm,5,0.4429042904290429
bayesianDSAE,mwm,10,0.7062154215421542
bayesianDSAE,mwm,15,0.805208588950231
bayesianDSAE,mwm,20,0.7491331206357641
bayesianDSAE,mwm,25,0.721119097703705
bayesianDSAE,global_spearman,NA,0.5366530473272046
bayesianDSAE,jaccard,5,0.42857142857142855
bayesianDSAE,jaccard,10,0.25
bayesianDSAE,jaccard,15,0.36363636363636365
bayesianDSAE,jaccard,20,0.5384615384615384
bayesianDSAE,jaccard,25,0.7241379310344828
bayesianDSAE,dice,5,0.6
bayesianDSAE,dice,10,0.4
bayesianDSAE,dice,15,0.5333333333333333
bayesianDSAE,dice,20,0.7
bayesianDSAE,dice,25,0.84
bayesianDSAE,kuncheva,5,0.5761904761904761
bayesianDSAE,kuncheva,10,0.3240506329113924
bayesianDSAE,kuncheva,15,0.43873873873873875
bayesianDSAE,kuncheva,20,0.6130434782608696
bayesianDSAE,kuncheva,25,0.7775
bayesianDSAE,mwm,5,0.6838211821182119
bayesianDSAE,mwm,10,0.6149126912691268
bayesianDSAE,mwm,15,0.7244980498049804
bayesianDSAE,mwm,20,0.7887710707484857
bayesianDSAE,mwm,25,0.8770461385827177
bayesianDSAE,global_spearman,NA,0.742849846782431
bayesianDSAE,jaccard,5,0.1111111111111111
bayesianDSAE,jaccard,10,0.3333333333333333
bayesianDSAE,jaccard,15,0.5
bayesianDSAE,jaccard,20,0.48148148148148145
bayesianDSAE,jaccard,25,0.42857142857142855
bayesianDSAE,dice,5,0.2
bayesianDSAE,dice,10,0.5
bayesianDSAE,dice,15,0.6666666666666666
bayesianDSAE,dice,20,0.65
bayesianDSAE,dice,25,0.6
bayesianDSAE,kuncheva,5,0.1523809523809524
bayesianDSAE,kuncheva,10,0.43670886075949367
bayesianDSAE,kuncheva,15,0.5990990990990991
bayesianDSAE,kuncheva,20,0.5485507246376812
bayesianDSAE,kuncheva,25,0.44375
bayesianDSAE,mwm,5,0.4051149114911491
bayesianDSAE,mwm,10,0.6984410441044104
bayesianDSAE,mwm,15,0.7732149895902948
bayesianDSAE,mwm,20,0.7581886737765469
bayesianDSAE,mwm,25,0.722863172176178
bayesianDSAE,global_spearman,NA,0.5061797752808989
bayesianDSAE,jaccard,5,0.42857142857142855
bayesianDSAE,jaccard,10,0.5384615384615384
bayesianDSAE,jaccard,15,0.42857142857142855
bayesianDSAE,jaccard,20,0.48148148148148145
bayesianDSAE,jaccard,25,0.47058823529411764
bayesianDSAE,dice,5,0.6
bayesianDSAE,dice,10,0.7
bayesianDSAE,dice,15,0.6
bayesianDSAE,dice,20,0.65
bayesianDSAE,dice,25,0.64
bayesianDSAE,kuncheva,5,0.5761904761904761
bayesianDSAE,kuncheva,10,0.6620253164556962
bayesianDSAE,kuncheva,15,0.518918918918919
bayesianDSAE,kuncheva,20,0.5485507246376812
bayesianDSAE,kuncheva,25,0.499375
bayesianDSAE,mwm,5,0.6472247224722472
bayesianDSAE,mwm,10,0.8023462346234623
bayesianDSAE,mwm,15,0.7364050865844101
bayesianDSAE,mwm,20,0.7590677915102683
bayesianDSAE,mwm,25,0.7617792857134653
bayesianDSAE,global_spearman,NA,0.6894620360912496
ensembleDSAE,jaccard,5,0.6666666666666666
ensembleDSAE,jaccard,10,0.6666666666666666
ensembleDSAE,jaccard,15,0.6666666666666666
ensembleDSAE,jaccard,20,0.7391304347826086
ensembleDSAE,jaccard,25,0.6129032258064516
ensembleDSAE,dice,5,0.8
ensembleDSAE,dice,10,0.8
ensembleDSAE,dice,15,0.8
ensembleDSAE,dice,20,0.85
ensembleDSAE,dice,25,0.76
ensembleDSAE,kuncheva,5,0.7880952380952381
ensembleDSAE,kuncheva,10,0.7746835443037975
ensembleDSAE,kuncheva,15,0.7594594594594595
ensembleDSAE,kuncheva,20,0.8065217391304348
ensembleDSAE,kuncheva,25,0.66625
ensembleDSAE,mwm,5,0.8170225022502251
ensembleDSAE,mwm,10,0.8813309330933092
ensembleDSAE,mwm,15,0.8547398739873987
ensembleDSAE,mwm,20,0.9093321332133213
ensembleDSAE,mwm,25,0.8359033842887514
ensembleDSAE,global_spearman,NA,0.8368573374191351
ensembleDSAE,jaccard,5,0.42857142857142855
ensembleDSAE,jaccard,10,0.3333333333333333
ensembleDSAE,jaccard,15,0.5
ensembleDSAE,jaccard,20,0.5384615384615384
ensembleDSAE,jaccard,25,0.5625
ensembleDSAE,dice,5,0.6
ensembleDSAE,dice,10,0.5
ensembleDSAE,dice,15,0.6666666666666666
ensembleDSAE,dice,20,0.7
ensembleDSAE,dice,25,0.72
ensembleDSAE,kuncheva,5,0.5761904761904761
ensembleDSAE,kuncheva,10,0.43670886075949367
ensembleDSAE,kuncheva,15,0.5990990990990991
ensembleDSAE,kuncheva,20,0.6130434782608696
ensembleDSAE,kuncheva,25,0.610625
ensembleDSAE,mwm,5,0.7564236423642365
ensembleDSAE,mwm,10,0.7215733573357335
ensembleDSAE,mwm,15,0.7647244724472447
ensembleDSAE,mwm,20,0.7854035176461458
ensembleDSAE,mwm,25,0.8124781243134084
ensembleDSAE,global_spearman,NA,0.7656281920326864
ensembleDSAE,jaccard,5,0.25
ensembleDSAE,jaccard,10,0.42857142857142855
ensembleDSAE,jaccard,15,0.42857142857142855
ensembleDSAE,jaccard,20,0.6
ensembleDSAE,jaccard,25,0.47058823529411764
ensembleDSAE,dice,5,0.4
ensembleDSAE,dice,10,0.6
ensembleDSAE,dice,15,0.6
ensembleDSAE,dice,20,0.75
ensembleDSAE,dice,25,0.64
ensembleDSAE,kuncheva,5,0.36428571428571427
ensembleDSAE,kuncheva,10,0.549367088607595
ensembleDSAE,kuncheva,15,0.518918918918919
ensembleDSAE,kuncheva,20,0.677536231884058
ensembleDSAE,kuncheva,25,0.499375
ensembleDSAE,mwm,5,0.637993399339934
ensembleDSAE,mwm,10,0.7054053405340535
ensembleDSAE,mwm,15,0.7071891189118912
ensembleDSAE,mwm,20,0.810040804080408
ensembleDSAE,mwm,25,0.782024602460246
ensembleDSAE,global_spearman,NA,0.7917943479741233
ensembleDSAE,jaccard,5,0.42857142857142855
ensembleDSAE,jaccard,10,0.5384615384615384
ensembleDSAE,jaccard,15,0.5789473684210527
ensembleDSAE,jaccard,20,0.48148148148148145
ensembleDSAE,jaccard,25,0.47058823529411764
ensembleDSAE,dice,5,0.6
ensembleDSAE,dice,10,0.7
ensembleDSAE,dice,15,0.7333333333333333
ensembleDSAE,dice,20,0.65
ensembleDSAE,dice,25,0.64
ensembleDSAE,kuncheva,5,0.5761904761904761
ensembleDSAE,kuncheva,10,0.6620253164556962
ensembleDSAE,kuncheva,15,0.6792792792792792
ensembleDSAE,kuncheva,20,0.5485507246376812
ensembleDSAE,kuncheva,25,0.499375
ensembleDSAE,mwm,5,0.7314947494749475
ensembleDSAE,mwm,10,0.7826521653089514
ensembleDSAE,mwm,15,0.8030402374186889
ensembleDSAE,mwm,20,0.7599481541288862
ensembleDSAE,mwm,25,0.7349473758955207
ensembleDSAE,global_spearman,NA,0.7093292475314947
ensembleDSAE,jaccard,5,0.25
ensembleDSAE,jaccard,10,0.42857142857142855
ensembleDSAE,jaccard,15,0.5789473684210527
ensembleDSAE,jaccard,20,0.5384615384615384
ensembleDSAE,jaccard,25,0.6129032258064516
ensembleDSAE,dice,5,0.4
ensembleDSAE,dice,10,0.6
ensembleDSAE,dice,15,0.7333333333333333
ensembleDSAE,dice,20,0.7
ensembleDSAE,dice,25,0.76
ensembleDSAE,kuncheva,5,0.36428571428571427
ensembleDSAE,kuncheva,10,0.549367088607595
ensembleDSAE,kuncheva,15,0.6792792792792792
ensembleDSAE,kuncheva,20,0.6130434782608696
ensembleDSAE,kuncheva,25,0.66625
ensembleDSAE,mwm,5,0.6266834683468347
ensembleDSAE,mwm,10,0.7671563156315632
ensembleDSAE,mwm,15,0.812930893089309
ensembleDSAE,mwm,20,0.7861821291976087
ensembleDSAE,mwm,25,0.8497392139213921
ensembleDSAE,global_spearman,NA,0.7450459652706845
ensembleDSAE,jaccard,5,0.1111111111111111
ensembleDSAE,jaccard,10,0.5384615384615384
ensembleDSAE,jaccard,15,0.5
ensembleDSAE,jaccard,20,0.6
ensembleDSAE,jaccard,25,0.5151515151515151
ensembleDSAE,dice,5,0.2
ensembleDSAE,dice,10,0.7
ensembleDSAE,dice,15,0.6666666666666666
ensembleDSAE,dice,20,0.75
ensembleDSAE,dice,25,0.68
ensembleDSAE,kuncheva,5,0.1523809523809524
ensembleDSAE,kuncheva,10,0.6620253164556962
ensembleDSAE,kuncheva,15,0.5990990990990991
ensembleDSAE,kuncheva,20,0.677536231884058
ensembleDSAE,kuncheva,25,0.555
ensembleDSAE,mwm,5,0.4885784578457845
ensembleDSAE,mwm,10,0.7685940594059406
ensembleDSAE,mwm,15,0.7783498349834984
ensembleDSAE,mwm,20,0.8222052205220522
ensembleDSAE,mwm,25,0.7965514717969495
ensembleDSAE,global_spearman,NA,0.7734422880490296
ensembleDSAE,jaccard,5,0.42857142857142855
ensembleDSAE,jaccard,10,0.5384615384615384
ensembleDSAE,jaccard,15,0.6666666666666666
ensembleDSAE,jaccard,20,0.5384615384615384
ensembleDSAE,jaccard,25,0.47058823529411764
ensembleDSAE,dice,5,0.6
ensembleDSAE,dice,10,0.7
ensembleDSAE,dice,15,0.8
ensembleDSAE,dice,20,0.7
ensembleDSAE,dice,25,0.64
ensembleDSAE,kuncheva,5,0.5761904761904761
ensembleDSAE,kuncheva,10,0.6620253164556962
ensembleDSAE,kuncheva,15,0.7594594594594595
ensembleDSAE,kuncheva,20,0.6130434782608696
ensembleDSAE,kuncheva,25,0.499375
ensembleDSAE,mwm,5,0.7054377437743774
ensembleDSAE,mwm,10,0.8123005250091779
ensembleDSAE,mwm,15,0.8614036737623233
ensembleDSAE,mwm,20,0.7992824265632372
ensembleDSAE,mwm,25,0.7666338343332348
ensembleDSAE,global_spearman,NA,0.6781579843377596
ensembleDSAE,jaccard,5,0.42857142857142855
ensembleDSAE,jaccard,10,0.5384615384615384
ensembleDSAE,jaccard,15,0.5
ensembleDSAE,jaccard,20,0.6
ensembleDSAE,jaccard,25,0.6129032258064516
ensembleDSAE,dice,5,0.6
ensembleDSAE,dice,10,0.7
ensembleDSAE,dice,15,0.6666666666666666
ensembleDSAE,dice,20,0.75
ensembleDSAE,dice,25,0.76
ensembleDSAE,kuncheva,5,0.5761904761904761
ensembleDSAE,kuncheva,10,0.6620253164556962
ensembleDSAE,kuncheva,15,0.5990990990990991
ensembleDSAE,kuncheva,20,0.677536231884058
ensembleDSAE,kuncheva,25,0.66625
ensembleDSAE,mwm,5,0.682028202820282
ensembleDSAE,mwm,10,0.8269570957095709
ensembleDSAE,mwm,15,0.7373305330533053
ensembleDSAE,mwm,20,0.8316212045815323
ensembleDSAE,mwm,25,0.8271584723482117
ensembleDSAE,global_spearman,NA,0.7494892747701736
ensembleDSAE,jaccard,5,0.25
ensembleDSAE,jaccard,10,0.42857142857142855
ensembleDSAE,jaccard,15,0.5
ensembleDSAE,jaccard,20,0.5384615384615384
ensembleDSAE,jaccard,25,0.42857142857142855
ensembleDSAE,dice,5,0.4
ensembleDSAE,dice,10,0.6
ensembleDSAE,dice,15,0.6666666666666666
ensembleDSAE,dice,20,0.7
ensembleDSAE,dice,25,0.6
ensembleDSAE,kuncheva,5,0.36428571428571427
ensembleDSAE,kuncheva,10,0.549367088607595
ensembleDSAE,kuncheva,15,0.5990990990990991
ensembleDSAE,kuncheva,20,0.6130434782608696
ensembleDSAE,kuncheva,25,0.44375
ensembleDSAE,mwm,5,0.6123084308430844
ensembleDSAE,mwm,10,0.6967790287500132
ensembleDSAE,mwm,15,0.770769177482507
ensembleDSAE,mwm,20,0.7785869097594778
ensembleDSAE,mwm,25,0.7511628371385153
ensembleDSAE,global_spearman,NA,0.5885767790262173
ensembleDSAE,jaccard,5,0.1111111111111111
ensembleDSAE,jaccard,10,0.5384615384615384
ensembleDSAE,jaccard,15,0.36363636363636365
ensembleDSAE,jaccard,20,0.42857142857142855
ensembleDSAE,jaccard,25,0.35135135135135137
ensembleDSAE,dice,5,0.2
ensembleDSAE,dice,10,0.7
ensembleDSAE,dice,15,0.5333333333333333
ensembleDSAE,dice,20,0.6
ensembleDSAE,dice,25,0.52
ensembleDSAE,kuncheva,5,0.1523809523809524
ensembleDSAE,kuncheva,10,0.6620253164556962
ensembleDSAE,kuncheva,15,0.43873873873873875
ensembleDSAE,kuncheva,20,0.48405797101449277
ensembleDSAE,kuncheva,25,0.3325
ensembleDSAE,mwm,5,0.5402628262826281
ensembleDSAE,mwm,10,0.7533399034525798
ensembleDSAE,mwm,15,0.7008270869842168
ensembleDSAE,mwm,20,0.7437034764959759
ensembleDSAE,mwm,25,0.7197342291352349
ensembleDSAE,global_spearman,NA,0.5844228804902962
backwardSFS/LogisticRegression,jaccard,5,0.0
backwardSFS/LogisticRegression,jaccard,10,0.05263157894736842
backwardSFS/LogisticRegression,jaccard,15,0.15384615384615385
backwardSFS/LogisticRegression,jaccard,20,0.21212121212121213
backwardSFS/LogisticRegression,jaccard,25,0.19047619047619047
backwardSFS/LogisticRegression,dice,5,0.0
backwardSFS/LogisticRegression,dice,10,0.1
backwardSFS/LogisticRegression,dice,15,0.26666666666666666
backwardSFS/LogisticRegression,dice,20,0.35
backwardSFS/LogisticRegression,dice,25,0.32
backwardSFS/LogisticRegression,kuncheva,5,-0.05952380952380952
backwardSFS/LogisticRegression,kuncheva,10,-0.013924050632911392
backwardSFS/LogisticRegression,kuncheva,15,0.11801801801801802
backwardSFS/LogisticRegression,kuncheva,20,0.16159420289855073
backwardSFS/LogisticRegression,kuncheva,25,0.054375
backwardSFS/LogisticRegression,mwm,5,0.34375757575757576
backwardSFS/LogisticRegression,mwm,10,0.5061521368241191
backwardSFS/LogisticRegression,mwm,15,0.5767698127920025
backwardSFS/LogisticRegression,mwm,20,0.6347580366088793
backwardSFS/LogisticRegression,mwm,25,0.6662381124554202
backwardSFS/LogisticRegression,global_spearman,NA,-0.016445352400408675
backwardSFS/LogisticRegression,jaccard,5,0.25
backwardSFS/LogisticRegression,jaccard,10,0.25
backwardSFS/LogisticRegression,jaccard,15,0.2
backwardSFS/LogisticRegression,jaccard,20,0.3333333333333333
backwardSFS/LogisticRegression,jaccard,25,0.35135135135135137
backwardSFS/LogisticRegression,dice,5,0.4
backwardSFS/LogisticRegression,dice,10,0.4
backwardSFS/LogisticRegression,dice,15,0.3333333333333333
backwardSFS/LogisticRegression,dice,20,0.5
backwardSFS/LogisticRegression,dice,25,0.52
backwardSFS/LogisticRegression,kuncheva,5,0.36428571428571427
backwardSFS/LogisticRegression,kuncheva,10,0.3240506329113924
backwardSFS/LogisticRegression,kuncheva,15,0.1981981981981982
backwardSFS/LogisticRegression,kuncheva,20,0.35507246376811596
backwardSFS/LogisticRegression,kuncheva,25,0.3325
backwardSFS/LogisticRegression,mwm,5,0.5313531353135315
backwardSFS/LogisticRegression,mwm,10,0.6038504848629194
backwardSFS/LogisticRegression,mwm,15,0.570121337252579
backwardSFS/LogisticRegression,mwm,20,0.716572195248363
backwardSFS/LogisticRegression,mwm,25,0.7374000904321136
backwardSFS/LogisticRegression,global_spearman,NA,0.24502894109635687
backwardSFS/LogisticRegression,jaccard,5,0.0
backwardSFS/LogisticRegression,jaccard,10,0.05263157894736842
backwardSFS/LogisticRegression,jaccard,15,0.034482758620689655
backwardSFS/LogisticRegression,jaccard,20,0.08108108108108109
backwardSFS/LogisticRegression,jaccard,25,0.13636363636363635
backwardSFS/LogisticRegression,dice,5,0.0
backwardSFS/LogisticRegression,dice,10,0.1
backwardSFS/LogisticRegression,dice,15,0.06666666666666667
backwardSFS/LogisticRegression,dice,20,0.15
backwardSFS/LogisticRegression,dice,25,0.24
backwardSFS/LogisticRegression,kuncheva,5,-0.05952380952380952
backwardSFS/LogisticRegression,kuncheva,10,-0.013924050632911392
backwardSFS/LogisticRegression,kuncheva,15,-0.12252252252252252
backwardSFS/LogisticRegression,kuncheva,20,-0.0963768115942029
backwardSFS/LogisticRegression,kuncheva,25,-0.056875
backwardSFS/LogisticRegression,mwm,5,0.37462226222622264
backwardSFS/LogisticRegression,mwm,10,0.4192970169551219
backwardSFS/LogisticRegression,mwm,15,0.4702385427101442
backwardSFS/LogisticRegression,mwm,20,0.5420792934557295
backwardSFS/LogisticRegression,mwm,25,0.6264925420269107
backwardSFS/LogisticRegression,global_spearman,NA,0.22369765066394276
backwardSFS/LogisticRegression,jaccard,5,0.1111111111111111
backwardSFS/LogisticRegression,jaccard,10,0.25
backwardSFS/LogisticRegression,jaccard,15,0.25
backwardSFS/LogisticRegression,jaccard,20,0.3333333333333333
backwardSFS/LogisticRegression,jaccard,25,0.3157894736842105
backwardSFS/LogisticRegression,dice,5,0.2
backwardSFS/LogisticRegression,dice,10,0.4
backwardSFS/LogisticRegression,dice,15,0.4
backwardSFS/LogisticRegression,dice,20,0.5
backwardSFS/LogisticRegression,dice,25,0.48
backwardSFS/LogisticRegression,kuncheva,5,0.1523809523809524
backwardSFS/LogisticRegression,kuncheva,10,0.3240506329113924
backwardSFS/LogisticRegression,kuncheva,15,0.27837837837837837
backwardSFS/LogisticRegression,kuncheva,20,0.35507246376811596
backwardSFS/LogisticRegression,kuncheva,25,0.276875
backwardSFS/LogisticRegression,mwm,5,0.33568781093249767
backwardSFS/LogisticRegression,mwm,10,0.5986078607860786
backwardSFS/LogisticRegression,mwm,15,0.6999037261833415
backwardSFS/LogisticRegression,mwm,20,0.7310440633648053
backwardSFS/LogisticRegression,mwm,25,0.7591108108241403
backwardSFS/LogisticRegression,global_spearman,NA,0.23440585631596866
backwardSFS/LogisticRegression,jaccard,5,0.0
backwardSFS/LogisticRegression,jaccard,10,0.0
backwardSFS/LogisticRegression,jaccard,15,0.1111111111111111
backwardSFS/LogisticRegression,jaccard,20,0.25
backwardSFS/LogisticRegression,jaccard,25,0.25
backwardSFS/LogisticRegression,dice,5,0.0
backwardSFS/LogisticRegression,dice,10,0.0
backwardSFS/LogisticRegression,dice,15,0.2
backwardSFS/LogisticRegression,dice,20,0.4
backwardSFS/LogisticRegression,dice,25,0.4
backwardSFS/LogisticRegression,kuncheva,5,-0.05952380952380952
backwardSFS/LogisticRegression,kuncheva,10,-0.12658227848101267
backwardSFS/LogisticRegression,kuncheva,15,0.03783783783783784
backwardSFS/LogisticRegression,kuncheva,20,0.22608695652173913
backwardSFS/LogisticRegression,kuncheva,25,0.165625
backwardSFS/LogisticRegression,mwm,5,0.2822706270627063
backwardSFS/LogisticRegression,mwm,10,0.35947258030350426
backwardSFS/LogisticRegression,mwm,15,0.518792544366512
backwardSFS/LogisticRegression,mwm,20,0.6560935081848751
backwardSFS/LogisticRegression,mwm,25,0.6718784669139366
backwardSFS/LogisticRegression,global_spearman,NA,0.09526727953694247
backwardSFS/LogisticRegression,jaccard,5,0.0
backwardSFS/LogisticRegression,jaccard,10,0.0
backwardSFS/LogisticRegression,jaccard,15,0.034482758620689655
backwardSFS/LogisticRegression,jaccard,20,0.05263157894736842
backwardSFS/LogisticRegression,jaccard,25,0.13636363636363635
backwardSFS/LogisticRegression,dice,5,0.0
backwardSFS/LogisticRegression,dice,10,0.0
backwardSFS/LogisticRegression,dice,15,0.06666666666666667
backwardSFS/LogisticRegression,dice,20,0.1
backwardSFS/LogisticRegression,dice,25,0.24
backwardSFS/LogisticRegression,kuncheva,5,-0.05952380952380952
backwardSFS/LogisticRegression,kuncheva,10,-0.12658227848101267
backwardSFS/LogisticRegression,kuncheva,15,-0.12252252252252252
backwardSFS/LogisticRegression,kuncheva,20,-0.1608695652173913
backwardSFS/LogisticRegression,kuncheva,25,-0.056875
backwardSFS/LogisticRegression,mwm,5,0.39311371137113715
backwardSFS/LogisticRegression,mwm,10,0.40879834879850596
backwardSFS/LogisticRegression,mwm,15,0.4666623170191453
backwardSFS/LogisticRegression,mwm,20,0.5045999340956909
backwardSFS/LogisticRegression,mwm,25,0.5807752031050264
backwardSFS/LogisticRegression,global_spearman,NA,-0.1147259107933265
backwardSFS/LogisticRegression,jaccard,5,0.0
backwardSFS/LogisticRegression,jaccard,10,0.1111111111111111
backwardSFS/LogisticRegression,jaccard,15,0.15384615384615385
backwardSFS/LogisticRegression,jaccard,20,0.21212121212121213
backwardSFS/LogisticRegression,jaccard,25,0.21951219512195122
backwardSFS/LogisticRegression,dice,5,0.0
backwardSFS/LogisticRegression,dice,10,0.2
backwardSFS/LogisticRegression,dice,15,0.26666666666666666
backwardSFS/LogisticRegression,dice,20,0.35
backwardSFS/LogisticRegression,dice,25,0.36
backwardSFS/LogisticRegression,kuncheva,5,-0.05952380952380952
backwardSFS/LogisticRegression,kuncheva,10,0.09873417721518987
backwardSFS/LogisticRegression,kuncheva,15,0.11801801801801802
backwardSFS/LogisticRegression,kuncheva,20,0.16159420289855073
backwardSFS/LogisticRegression,kuncheva,25,0.11
backwardSFS/LogisticRegression,mwm,5,0.29285329320987064
backwardSFS/LogisticRegression,mwm,10,0.46943817704983015
backwardSFS/LogisticRegression,mwm,15,0.5604360436043604
backwardSFS/LogisticRegression,mwm,20,0.6460738073807382
backwardSFS/LogisticRegression,mwm,25,0.6561200120012001
backwardSFS/LogisticRegression,global_spearman,NA,0.04729315628192032
backwardSFS/LogisticRegression,jaccard,5,0.0
backwardSFS/LogisticRegression,jaccard,10,0.05263157894736842
backwardSFS/LogisticRegression,jaccard,15,0.1111111111111111
backwardSFS/LogisticRegression,jaccard,20,0.1111111111111111
backwardSFS/LogisticRegression,jaccard,25,0.13636363636363635
backwardSFS/LogisticRegression,dice,5,0.0
backwardSFS/LogisticRegression,dice,10,0.1
backwardSFS/LogisticRegression,dice,15,0.2
backwardSFS/LogisticRegression,dice,20,0.2
backwardSFS/LogisticRegression,dice,25,0.24
backwardSFS/LogisticRegression,kuncheva,5,-0.05952380952380952
backwardSFS/LogisticRegression,kuncheva,10,-0.013924050632911392
backwardSFS/LogisticRegression,kuncheva,15,0.03783783783783784
backwardSFS/LogisticRegression,kuncheva,20,-0.03188405797101449
backwardSFS/LogisticRegression,kuncheva,25,-0.056875
backwardSFS/LogisticRegression,mwm,5,0.2841716171617162
backwardSFS/LogisticRegression,mwm,10,0.48999559913505963
backwardSFS/LogisticRegression,mwm,15,0.5304402061361589
backwardSFS/LogisticRegression,mwm,20,0.5654179133779969
backwardSFS/LogisticRegression,mwm,25,0.5956209793672639
backwardSFS/LogisticRegression,global_spearman,NA,0.04535240040858013
backwardSFS/LogisticRegression,jaccard,5,0.1111111111111111
backwardSFS/LogisticRegression,jaccard,10,0.17647058823529413
backwardSFS/LogisticRegression,jaccard,15,0.25
backwardSFS/LogisticRegression,jaccard,20,0.2903225806451613
backwardSFS/LogisticRegression,jaccard,25,0.42857142857142855
backwardSFS/LogisticRegression,dice,5,0.2
backwardSFS/LogisticRegression,dice,10,0.3
backwardSFS/LogisticRegression,dice,15,0.4
backwardSFS/LogisticRegression,dice,20,0.45
backwardSFS/LogisticRegression,dice,25,0.6
backwardSFS/LogisticRegression,kuncheva,5,0.1523809523809524
backwardSFS/LogisticRegression,kuncheva,10,0.21139240506329113
backwardSFS/LogisticRegression,kuncheva,15,0.27837837837837837
backwardSFS/LogisticRegression,kuncheva,20,0.29057971014492756
backwardSFS/LogisticRegression,kuncheva,25,0.44375
backwardSFS/LogisticRegression,mwm,5,0.4731411733630651
backwardSFS/LogisticRegression,mwm,10,0.5544728965467343
backwardSFS/LogisticRegression,mwm,15,0.6235863081035655
backwardSFS/LogisticRegression,mwm,20,0.7032040173890459
backwardSFS/LogisticRegression,mwm,25,0.7997218129618708
backwardSFS/LogisticRegression,global_spearman,NA,0.35151515151515156
backwardSFS/LogisticRegression,jaccard,5,0.25
backwardSFS/LogisticRegression,jaccard,10,0.1111111111111111
backwardSFS/LogisticRegression,jaccard,15,0.15384615384615385
backwardSFS/LogisticRegression,jaccard,20,0.1111111111111111
backwardSFS/LogisticRegression,jaccard,25,0.16279069767441862
backwardSFS/LogisticRegression,dice,5,0.4
backwardSFS/LogisticRegression,dice,10,0.2
backwardSFS/LogisticRegression,dice,15,0.26666666666666666
backwardSFS/LogisticRegression,dice,20,0.2
backwardSFS/LogisticRegression,dice,25,0.28
backwardSFS/LogisticRegression,kuncheva,5,0.36428571428571427
backwardSFS/LogisticRegression,kuncheva,10,0.09873417721518987
backwardSFS/LogisticRegression,kuncheva,15,0.11801801801801802
backwardSFS/LogisticRegression,kuncheva,20,-0.03188405797101449
backwardSFS/LogisticRegression,kuncheva,25,-0.00125
backwardSFS/LogisticRegression,mwm,5,0.5192362665119254
backwardSFS/LogisticRegression,mwm,10,0.4932016669356785
backwardSFS/LogisticRegression,mwm,15,0.5531021813020112
backwardSFS/LogisticRegression,mwm,20,0.5208447054143232
backwardSFS/LogisticRegression,mwm,25,0.5931434408881597
backwardSFS/LogisticRegression,global_spearman,NA,0.17105890364317333
backwardSFS/SVC,jaccard,5,0.0
backwardSFS/SVC,jaccard,10,0.0
backwardSFS/SVC,jaccard,15,0.07142857142857142
backwardSFS/SVC,jaccard,20,0.08108108108108109
backwardSFS/SVC,jaccard,25,0.16279069767441862
backwardSFS/SVC,dice,5,0.0
backwardSFS/SVC,dice,10,0.0
backwardSFS/SVC,dice,15,0.13333333333333333
backwardSFS/SVC,dice,20,0.15
backwardSFS/SVC,dice,25,0.28
backwardSFS/SVC,kuncheva,5,-0.05952380952380952
backwardSFS/SVC,kuncheva,10,-0.12658227848101267
backwardSFS/SVC,kuncheva,15,-0.04234234234234234
backwardSFS/SVC,kuncheva,20,-0.0963768115942029
backwardSFS/SVC,kuncheva,25,-0.00125
backwardSFS/SVC,mwm,5,0.31331533153315333
backwardSFS/SVC,mwm,10,0.40293634299194386
backwardSFS/SVC,mwm,15,0.47715982421431014
backwardSFS/SVC,mwm,20,0.536343915565473
backwardSFS/SVC,mwm,25,0.6030469296320964
backwardSFS/SVC,global_spearman,NA,-0.053319713993871254
backwardSFS/SVC,jaccard,5,0.1111111111111111
backwardSFS/SVC,jaccard,10,0.25
backwardSFS/SVC,jaccard,15,0.36363636363636365
backwardSFS/SVC,jaccard,20,0.3793103448275862
backwardSFS/SVC,jaccard,25,0.3888888888888889
backwardSFS/SVC,dice,5,0.2
backwardSFS/SVC,dice,10,0.4
backwardSFS/SVC,dice,15,0.5333333333333333
backwardSFS/SVC,dice,20,0.55
backwardSFS/SVC,dice,25,0.56
backwardSFS/SVC,kuncheva,5,0.1523809523809524
backwardSFS/SVC,kuncheva,10,0.3240506329113924
backwardSFS/SVC,kuncheva,15,0.43873873873873875
backwardSFS/SVC,kuncheva,20,0.41956521739130437
backwardSFS/SVC,kuncheva,25,0.388125
backwardSFS/SVC,mwm,5,0.4615469546954696
backwardSFS/SVC,mwm,10,0.6053117311731173
backwardSFS/SVC,mwm,15,0.7138399411399009
backwardSFS/SVC,mwm,20,0.7515873747489324
backwardSFS/SVC,mwm,25,0.7451412469338594
backwardSFS/SVC,global_spearman,NA,0.351498127340824
backwardSFS/SVC,jaccard,5,0.0
backwardSFS/SVC,jaccard,10,0.1111111111111111
backwardSFS/SVC,jaccard,15,0.15384615384615385
backwardSFS/SVC,jaccard,20,0.25
backwardSFS/SVC,jaccard,25,0.35135135135135137
backwardSFS/SVC,dice,5,0.0
backwardSFS/SVC,dice,10,0.2
backwardSFS/SVC,dice,15,0.26666666666666666
backwardSFS/SVC,dice,20,0.4
backwardSFS/SVC,dice,25,0.52
backwardSFS/SVC,kuncheva,5,-0.05952380952380952
backwardSFS/SVC,kuncheva,10,0.09873417721518987
backwardSFS/SVC,kuncheva,15,0.11801801801801802
backwardSFS/SVC,kuncheva,20,0.22608695652173913
backwardSFS/SVC,kuncheva,25,0.3325
backwardSFS/SVC,mwm,5,0.34715871587158714
backwardSFS/SVC,mwm,10,0.5618529852985299
backwardSFS/SVC,mwm,15,0.6535738942841197
backwardSFS/SVC,mwm,20,0.7018239850695256
backwardSFS/SVC,mwm,25,0.7732026023970545
backwardSFS/SVC,global_spearman,NA,0.26566224038134145
backwardSFS/SVC,jaccard,5,0.25
backwardSFS/SVC,jaccard,10,0.17647058823529413
backwardSFS/SVC,jaccard,15,0.30434782608695654
backwardSFS/SVC,jaccard,20,0.3333333333333333
backwardSFS/SVC,jaccard,25,0.3888888888888889
backwardSFS/SVC,dice,5,0.4
backwardSFS/SVC,dice,10,0.3
backwardSFS/SVC,dice,15,0.4666666666666667
backwardSFS/SVC,dice,20,0.5
backwardSFS/SVC,dice,25,0.56
backwardSFS/SVC,kuncheva,5,0.36428571428571427
backwardSFS/SVC,kuncheva,10,0.21139240506329113
backwardSFS/SVC,kuncheva,15,0.35855855855855856
backwardSFS/SVC,kuncheva,20,0.35507246376811596
backwardSFS/SVC,kuncheva,25,0.388125
backwardSFS/SVC,mwm,5,0.47434023402340236
backwardSFS/SVC,mwm,10,0.5801440144014401
backwardSFS/SVC,mwm,15,0.7128360836083608
backwardSFS/SVC,mwm,20,0.7314035403540353
backwardSFS/SVC,mwm,25,0.7550823882388239
backwardSFS/SVC,global_spearman,NA,0.38049029622063335
backwardSFS/SVC,jaccard,5,0.0
backwardSFS/SVC,jaccard,10,0.0
backwardSFS/SVC,jaccard,15,0.1111111111111111
backwardSFS/SVC,jaccard,20,0.14285714285714285
backwardSFS/SVC,jaccard,25,0.19047619047619047
backwardSFS/SVC,dice,5,0.0
backwardSFS/SVC,dice,10,0.0
backwardSFS/SVC,dice,15,0.2
backwardSFS/SVC,dice,20,0.25
backwardSFS/SVC,dice,25,0.32
backwardSFS/SVC,kuncheva,5,-0.05952380952380952
backwardSFS/SVC,kuncheva,10,-0.12658227848101267
backwardSFS/SVC,kuncheva,15,0.03783783783783784
backwardSFS/SVC,kuncheva,20,0.03260869565217391
backwardSFS/SVC,kuncheva,25,0.054375
backwardSFS/SVC,mwm,5,0.419036303630363
backwardSFS/SVC,mwm,10,0.3775533190775128
backwardSFS/SVC,mwm,15,0.5310713463262676
backwardSFS/SVC,mwm,20,0.5726879359334901
backwardSFS/SVC,mwm,25,0.6538425058291457
backwardSFS/SVC,global_spearman,NA,0.06477698331630921
backwardSFS/SVC,jaccard,5,0.0
backwardSFS/SVC,jaccard,10,0.1111111111111111
backwardSFS/SVC,jaccard,15,0.1111111111111111
backwardSFS/SVC,jaccard,20,0.14285714285714285
backwardSFS/SVC,jaccard,25,0.16279069767441862
backwardSFS/SVC,dice,5,0.0
backwardSFS/SVC,dice,10,0.2
backwardSFS/SVC,dice,15,0.2
backwardSFS/SVC,dice,20,0.25
backwardSFS/SVC,dice,25,0.28
backwardSFS/SVC,kuncheva,5,-0.05952380952380952
backwardSFS/SVC,kuncheva,10,0.09873417721518987
backwardSFS/SVC,kuncheva,15,0.03783783783783784
backwardSFS/SVC,kuncheva,20,0.03260869565217391
backwardSFS/SVC,kuncheva,25,-0.00125
backwardSFS/SVC,mwm,5,0.19456825682568257
backwardSFS/SVC,mwm,10,0.48665787112915
backwardSFS/SVC,mwm,15,0.5069524216438859
backwardSFS/SVC,mwm,20,0.5264510809004977
backwardSFS/SVC,mwm,25,0.5867507362100582
backwardSFS/SVC,global_spearman,NA,-0.10907388491658154
backwardSFS/SVC,jaccard,5,0.0
backwardSFS/SVC,jaccard,10,0.0
backwardSFS/SVC,jaccard,15,0.034482758620689655
backwardSFS/SVC,jaccard,20,0.1111111111111111
backwardSFS/SVC,jaccard,25,0.21951219512195122
backwardSFS/SVC,dice,5,0.0
backwardSFS/SVC,dice,10,0.0
backwardSFS/SVC,dice,15,0.06666666666666667
backwardSFS/SVC,dice,20,0.2
backwardSFS/SVC,dice,25,0.36
backwardSFS/SVC,kuncheva,5,-0.05952380952380952
backwardSFS/SVC,kuncheva,10,-0.12658227848101267
backwardSFS/SVC,kuncheva,15,-0.12252252252252252
backwardSFS/SVC,kuncheva,20,-0.03188405797101449
backwardSFS/SVC,kuncheva,25,0.11
backwardSFS/SVC,mwm,5,0.2803120312031203
backwardSFS/SVC,mwm,10,0.3462801994571176
backwardSFS/SVC,mwm,15,0.4525133242856338
backwardSFS/SVC,mwm,20,0.5514012066260101
backwardSFS/SVC,mwm,25,0.6501477879830762
backwardSFS/SVC,global_spearman,NA,0.10245148110316649
backwardSFS/SVC,jaccard,5,0.1111111111111111
backwardSFS/SVC,jaccard,10,0.17647058823529413
backwardSFS/SVC,jaccard,15,0.15384615384615385
backwardSFS/SVC,jaccard,20,0.21212121212121213
backwardSFS/SVC,jaccard,25,0.25
backwardSFS/SVC,dice,5,0.2
backwardSFS/SVC,dice,10,0.3
backwardSFS/SVC,dice,15,0.26666666666666666
backwardSFS/SVC,dice,20,0.35
backwardSFS/SVC,dice,25,0.4
backwardSFS/SVC,kuncheva,5,0.1523809523809524
backwardSFS/SVC,kuncheva,10,0.21139240506329113
backwardSFS/SVC,kuncheva,15,0.11801801801801802
backwardSFS/SVC,kuncheva,20,0.16159420289855073
backwardSFS/SVC,kuncheva,25,0.165625
backwardSFS/SVC,mwm,5,0.4258913891389139
backwardSFS/SVC,mwm,10,0.5592619261926194
backwardSFS/SVC,mwm,15,0.5732133213321332
backwardSFS/SVC,mwm,20,0.6749270927092709
backwardSFS/SVC,mwm,25,0.7258244224422442
backwardSFS/SVC,global_spearman,NA,0.30175348995573714
backwardSFS/SVC,jaccard,5,0.1111111111111111
backwardSFS/SVC,jaccard,10,0.3333333333333333
backwardSFS/SVC,jaccard,15,0.25
backwardSFS/SVC,jaccard,20,0.25
backwardSFS/SVC,jaccard,25,0.35135135135135137
backwardSFS/SVC,dice,5,0.2
backwardSFS/SVC,dice,10,0.5
backwardSFS/SVC,dice,15,0.4
backwardSFS/SVC,dice,20,0.4
backwardSFS/SVC,dice,25,0.52
backwardSFS/SVC,kuncheva,5,0.1523809523809524
backwardSFS/SVC,kuncheva,10,0.43670886075949367
backwardSFS/SVC,kuncheva,15,0.27837837837837837
backwardSFS/SVC,kuncheva,20,0.22608695652173913
backwardSFS/SVC,kuncheva,25,0.3325
backwardSFS/SVC,mwm,5,0.47215361536153616
backwardSFS/SVC,mwm,10,0.6201368136813681
backwardSFS/SVC,mwm,15,0.6163958058190117
backwardSFS/SVC,mwm,20,0.6451729419730196
backwardSFS/SVC,mwm,25,0.7406649662396819
backwardSFS/SVC,global_spearman,NA,0.3492849846782431
backwardSFS/SVC,jaccard,5,0.1111111111111111
backwardSFS/SVC,jaccard,10,0.1111111111111111
backwardSFS/SVC,jaccard,15,0.15384615384615385
backwardSFS/SVC,jaccard,20,0.25
backwardSFS/SVC,jaccard,25,0.3157894736842105
backwardSFS/SVC,dice,5,0.2
backwardSFS/SVC,dice,10,0.2
backwardSFS/SVC,dice,15,0.26666666666666666
backwardSFS/SVC,dice,20,0.4
backwardSFS/SVC,dice,25,0.48
backwardSFS/SVC,kuncheva,5,0.1523809523809524
backwardSFS/SVC,kuncheva,10,0.09873417721518987
backwardSFS/SVC,kuncheva,15,0.11801801801801802
backwardSFS/SVC,kuncheva,20,0.22608695652173913
backwardSFS/SVC,kuncheva,25,0.276875
backwardSFS/SVC,mwm,5,0.4239423942394239
backwardSFS/SVC,mwm,10,0.521989798979898
backwardSFS/SVC,mwm,15,0.548776214516143
backwardSFS/SVC,mwm,20,0.6437183745084694
backwardSFS/SVC,mwm,25,0.6974716693037452
backwardSFS/SVC,global_spearman,NA,0.23895131086142318
backwardSFS/RandomForestClassifier,jaccard,5,0.0
backwardSFS/RandomForestClassifier,jaccard,10,0.1111111111111111
backwardSFS/RandomForestClassifier,jaccard,15,0.1111111111111111
backwardSFS/RandomForestClassifier,jaccard,20,0.21212121212121213
backwardSFS/RandomForestClassifier,jaccard,25,0.19047619047619047
backwardSFS/RandomForestClassifier,dice,5,0.0
backwardSFS/RandomForestClassifier,dice,10,0.2
backwardSFS/RandomForestClassifier,dice,15,0.2
backwardSFS/RandomForestClassifier,dice,20,0.35
backwardSFS/RandomForestClassifier,dice,25,0.32
backwardSFS/RandomForestClassifier,kuncheva,5,-0.05952380952380952
backwardSFS/RandomForestClassifier,kuncheva,10,0.09873417721518987
backwardSFS/RandomForestClassifier,kuncheva,15,0.03783783783783784
backwardSFS/RandomForestClassifier,kuncheva,20,0.16159420289855073
backwardSFS/RandomForestClassifier,kuncheva,25,0.054375
backwardSFS/RandomForestClassifier,mwm,5,0.30828908997740423
backwardSFS/RandomForestClassifier,mwm,10,0.5268688343824944
backwardSFS/RandomForestClassifier,mwm,15,0.538797918599095
backwardSFS/RandomForestClassifier,mwm,20,0.6069399111104385
backwardSFS/RandomForestClassifier,mwm,25,0.6378143430826859
backwardSFS/RandomForestClassifier,global_spearman,NA,0.10432414027919645
backwardSFS/RandomForestClassifier,jaccard,5,0.0
backwardSFS/RandomForestClassifier,jaccard,10,0.17647058823529413
backwardSFS/RandomForestClassifier,jaccard,15,0.15384615384615385
backwardSFS/RandomForestClassifier,jaccard,20,0.17647058823529413
backwardSFS/RandomForestClassifier,jaccard,25,0.21951219512195122
backwardSFS/RandomForestClassifier,dice,5,0.0
backwardSFS/RandomForestClassifier,dice,10,0.3
backwardSFS/RandomForestClassifier,dice,15,0.26666666666666666
backwardSFS/RandomForestClassifier,dice,20,0.3
backwardSFS/RandomForestClassifier,dice,25,0.36
backwardSFS/RandomForestClassifier,kuncheva,5,-0.05952380952380952
backwardSFS/RandomForestClassifier,kuncheva,10,0.21139240506329113
backwardSFS/RandomForestClassifier,kuncheva,15,0.11801801801801802
backwardSFS/RandomForestClassifier,kuncheva,20,0.09710144927536232
backwardSFS/RandomForestClassifier,kuncheva,25,0.11
backwardSFS/RandomForestClassifier,mwm,5,0.5101374137413741
backwardSFS/RandomForestClassifier,mwm,10,0.5521944194419441
backwardSFS/RandomForestClassifier,mwm,15,0.537382621888171
backwardSFS/RandomForestClassifier,mwm,20,0.5701860813276194
backwardSFS/RandomForestClassifier,mwm,25,0.6265078209576851
backwardSFS/RandomForestClassifier,global_spearman,NA,0.002400408580183866
backwardSFS/RandomForestClassifier,jaccard,5,0.1111111111111111
backwardSFS/RandomForestClassifier,jaccard,10,0.25
backwardSFS/RandomForestClassifier,jaccard,15,0.2
backwardSFS/RandomForestClassifier,jaccard,20,0.25
backwardSFS/RandomForestClassifier,jaccard,25,0.19047619047619047
backwardSFS/RandomForestClassifier,dice,5,0.2
backwardSFS/RandomForestClassifier,dice,10,0.4
backwardSFS/RandomForestClassifier,dice,15,0.3333333333333333
backwardSFS/RandomForestClassifier,dice,20,0.4
backwardSFS/RandomForestClassifier,dice,25,0.32
backwardSFS/RandomForestClassifier,kuncheva,5,0.1523809523809524
backwardSFS/RandomForestClassifier,kuncheva,10,0.3240506329113924
backwardSFS/RandomForestClassifier,kuncheva,15,0.1981981981981982
backwardSFS/RandomForestClassifier,kuncheva,20,0.22608695652173913
backwardSFS/RandomForestClassifier,kuncheva,25,0.054375
backwardSFS/RandomForestClassifier,mwm,5,0.5451017101710172
backwardSFS/RandomForestClassifier,mwm,10,0.645034101715811
backwardSFS/RandomForestClassifier,mwm,15,0.5948187335580329
backwardSFS/RandomForestClassifier,mwm,20,0.6545398409616088
backwardSFS/RandomForestClassifier,mwm,25,0.6319700665886689
backwardSFS/RandomForestClassifier,global_spearman,NA,0.1714504596527069
backwardSFS/RandomForestClassifier,jaccard,5,0.25
backwardSFS/RandomForestClassifier,jaccard,10,0.1111111111111111
backwardSFS/RandomForestClassifier,jaccard,15,0.1111111111111111
backwardSFS/RandomForestClassifier,jaccard,20,0.17647058823529413
backwardSFS/RandomForestClassifier,jaccard,25,0.21951219512195122
backwardSFS/RandomForestClassifier,dice,5,0.4
backwardSFS/RandomForestClassifier,dice,10,0.2
backwardSFS/RandomForestClassifier,dice,15,0.2
backwardSFS/RandomForestClassifier,dice,20,0.3
backwardSFS/RandomForestClassifier,dice,25,0.36
backwardSFS/RandomForestClassifier,kuncheva,5,0.36428571428571427
backwardSFS/RandomForestClassifier,kuncheva,10,0.09873417721518987
backwardSFS/RandomForestClassifier,kuncheva,15,0.03783783783783784
backwardSFS/RandomForestClassifier,kuncheva,20,0.09710144927536232
backwardSFS/RandomForestClassifier,kuncheva,25,0.11
backwardSFS/RandomForestClassifier,mwm,5,0.6026186618661866
backwardSFS/RandomForestClassifier,mwm,10,0.44459440538533607
backwardSFS/RandomForestClassifier,mwm,15,0.4858704014521026
backwardSFS/RandomForestClassifier,mwm,20,0.5636279300675253
backwardSFS/RandomForestClassifier,mwm,25,0.6158851474562529
backwardSFS/RandomForestClassifier,global_spearman,NA,0.10783112019067076
backwardSFS/RandomForestClassifier,jaccard,5,0.25
backwardSFS/RandomForestClassifier,jaccard,10,0.17647058823529413
backwardSFS/RandomForestClassifier,jaccard,15,0.15384615384615385
backwardSFS/RandomForestClassifier,jaccard,20,0.21212121212121213
backwardSFS/RandomForestClassifier,jaccard,25,0.25
backwardSFS/RandomForestClassifier,dice,5,0.4
backwardSFS/RandomForestClassifier,dice,10,0.3
backwardSFS/RandomForestClassifier,dice,15,0.26666666666666666
backwardSFS/RandomForestClassifier,dice,20,0.35
backwardSFS/RandomForestClassifier,dice,25,0.4
backwardSFS/RandomForestClassifier,kuncheva,5,0.36428571428571427
backwardSFS/RandomForestClassifier,kuncheva,10,0.21139240506329113
backwardSFS/RandomForestClassifier,kuncheva,15,0.11801801801801802
backwardSFS/RandomForestClassifier,kuncheva,20,0.16159420289855073
backwardSFS/RandomForestClassifier,kuncheva,25,0.165625
backwardSFS/RandomForestClassifier,mwm,5,0.5161981402929154
backwardSFS/RandomForestClassifier,mwm,10,0.5221506753069738
backwardSFS/RandomForestClassifier,mwm,15,0.5738888566696331
backwardSFS/RandomForestClassifier,mwm,20,0.6142134120826475
backwardSFS/RandomForestClassifier,mwm,25,0.6453980071506744
backwardSFS/RandomForestClassifier,global_spearman,NA,0.05578821927136535
backwardSFS/RandomForestClassifier,jaccard,5,0.0
backwardSFS/RandomForestClassifier,jaccard,10,0.1111111111111111
backwardSFS/RandomForestClassifier,jaccard,15,0.07142857142857142
backwardSFS/RandomForestClassifier,jaccard,20,0.14285714285714285
backwardSFS/RandomForestClassifier,jaccard,25,0.19047619047619047
backwardSFS/RandomForestClassifier,dice,5,0.0
backwardSFS/RandomForestClassifier,dice,10,0.2
backwardSFS/RandomForestClassifier,dice,15,0.13333333333333333
backwardSFS/RandomForestClassifier,dice,20,0.25
backwardSFS/RandomForestClassifier,dice,25,0.32
backwardSFS/RandomForestClassifier,kuncheva,5,-0.05952380952380952
backwardSFS/RandomForestClassifier,kuncheva,10,0.09873417721518987
backwardSFS/RandomForestClassifier,kuncheva,15,-0.04234234234234234
backwardSFS/RandomForestClassifier,kuncheva,20,0.03260869565217391
backwardSFS/RandomForestClassifier,kuncheva,25,0.054375
backwardSFS/RandomForestClassifier,mwm,5,0.24199307940068499
backwardSFS/RandomForestClassifier,mwm,10,0.4589245912426117
backwardSFS/RandomForestClassifier,mwm,15,0.47978710017373793
backwardSFS/RandomForestClassifier,mwm,20,0.5676213032281134
backwardSFS/RandomForestClassifier,mwm,25,0.6079455173200226
backwardSFS/RandomForestClassifier,global_spearman,NA,0.04731018045624791
backwardSFS/RandomForestClassifier,jaccard,5,0.1111111111111111
backwardSFS/RandomForestClassifier,jaccard,10,0.05263157894736842
backwardSFS/RandomForestClassifier,jaccard,15,0.07142857142857142
backwardSFS/RandomForestClassifier,jaccard,20,0.14285714285714285
backwardSFS/RandomForestClassifier,jaccard,25,0.19047619047619047
backwardSFS/RandomForestClassifier,dice,5,0.2
backwardSFS/RandomForestClassifier,dice,10,0.1
backwardSFS/RandomForestClassifier,dice,15,0.13333333333333333
backwardSFS/RandomForestClassifier,dice,20,0.25
backwardSFS/RandomForestClassifier,dice,25,0.32
backwardSFS/RandomForestClassifier,kuncheva,5,0.1523809523809524
backwardSFS/RandomForestClassifier,kuncheva,10,-0.013924050632911392
backwardSFS/RandomForestClassifier,kuncheva,15,-0.04234234234234234
backwardSFS/RandomForestClassifier,kuncheva,20,0.03260869565217391
backwardSFS/RandomForestClassifier,kuncheva,25,0.054375
backwardSFS/RandomForestClassifier,mwm,5,0.5056977520638267
backwardSFS/RandomForestClassifier,mwm,10,0.4278384398145344
backwardSFS/RandomForestClassifier,mwm,15,0.4883548436057234
backwardSFS/RandomForestClassifier,mwm,20,0.5831862910656199
backwardSFS/RandomForestClassifier,mwm,25,0.6874295215601507
backwardSFS/RandomForestClassifier,global_spearman,NA,-0.025263874702077027
backwardSFS/RandomForestClassifier,jaccard,5,0.1111111111111111
backwardSFS/RandomForestClassifier,jaccard,10,0.17647058823529413
backwardSFS/RandomForestClassifier,jaccard,15,0.25
backwardSFS/RandomForestClassifier,jaccard,20,0.21212121212121213
backwardSFS/RandomForestClassifier,jaccard,25,0.21951219512195122
backwardSFS/RandomForestClassifier,dice,5,0.2
backwardSFS/RandomForestClassifier,dice,10,0.3
backwardSFS/RandomForestClassifier,dice,15,0.4
backwardSFS/RandomForestClassifier,dice,20,0.35
backwardSFS/RandomForestClassifier,dice,25,0.36
backwardSFS/RandomForestClassifier,kuncheva,5,0.1523809523809524
backwardSFS/RandomForestClassifier,kuncheva,10,0.21139240506329113
backwardSFS/RandomForestClassifier,kuncheva,15,0.27837837837837837
backwardSFS/RandomForestClassifier,kuncheva,20,0.16159420289855073
backwardSFS/RandomForestClassifier,kuncheva,25,0.11
backwardSFS/RandomForestClassifier,mwm,5,0.4724464446444644
backwardSFS/RandomForestClassifier,mwm,10,0.6668111687951599
backwardSFS/RandomForestClassifier,mwm,15,0.6553268869229012
backwardSFS/RandomForestClassifier,mwm,20,0.633221158632732
backwardSFS/RandomForestClassifier,mwm,25,0.6206112279267108
backwardSFS/RandomForestClassifier,global_spearman,NA,0.20994211780728633
backwardSFS/RandomForestClassifier,jaccard,5,0.1111111111111111
backwardSFS/RandomForestClassifier,jaccard,10,0.17647058823529413
backwardSFS/RandomForestClassifier,jaccard,15,0.2
backwardSFS/RandomForestClassifier,jaccard,20,0.14285714285714285
backwardSFS/RandomForestClassifier,jaccard,25,0.21951219512195122
backwardSFS/RandomForestClassifier,dice,5,0.2
backwardSFS/RandomForestClassifier,dice,10,0.3
backwardSFS/RandomForestClassifier,dice,15,0.3333333333333333
backwardSFS/RandomForestClassifier,dice,20,0.25
backwardSFS/RandomForestClassifier,dice,25,0.36
backwardSFS/RandomForestClassifier,kuncheva,5,0.1523809523809524
backwardSFS/RandomForestClassifier,kuncheva,10,0.21139240506329113
backwardSFS/RandomForestClassifier,kuncheva,15,0.1981981981981982
backwardSFS/RandomForestClassifier,kuncheva,20,0.03260869565217391
backwardSFS/RandomForestClassifier,kuncheva,25,0.11
backwardSFS/RandomForestClassifier,mwm,5,0.6837539753975398
backwardSFS/RandomForestClassifier,mwm,10,0.6369344965721886
backwardSFS/RandomForestClassifier,mwm,15,0.675103258323113
backwardSFS/RandomForestClassifier,mwm,20,0.6337138530817535
backwardSFS/RandomForestClassifier,mwm,25,0.6700021055677129
backwardSFS/RandomForestClassifier,global_spearman,NA,0.1763534218590398
backwardSFS/RandomForestClassifier,jaccard,5,0.1111111111111111
backwardSFS/RandomForestClassifier,jaccard,10,0.17647058823529413
backwardSFS/RandomForestClassifier,jaccard,15,0.2
backwardSFS/RandomForestClassifier,jaccard,20,0.21212121212121213
backwardSFS/RandomForestClassifier,jaccard,25,0.28205128205128205
backwardSFS/RandomForestClassifier,dice,5,0.2
backwardSFS/RandomForestClassifier,dice,10,0.3
backwardSFS/RandomForestClassifier,dice,15,0.3333333333333333
backwardSFS/RandomForestClassifier,dice,20,0.35
backwardSFS/RandomForestClassifier,dice,25,0.44
backwardSFS/RandomForestClassifier,kuncheva,5,0.1523809523809524
backwardSFS/RandomForestClassifier,kuncheva,10,0.21139240506329113
backwardSFS/RandomForestClassifier,kuncheva,15,0.1981981981981982
backwardSFS/RandomForestClassifier,kuncheva,20,0.16159420289855073
backwardSFS/RandomForestClassifier,kuncheva,25,0.22125
backwardSFS/RandomForestClassifier,mwm,5,0.4655313531353135
backwardSFS/RandomForestClassifier,mwm,10,0.5566691226071898
backwardSFS/RandomForestClassifier,mwm,15,0.6427802408476678
backwardSFS/RandomForestClassifier,mwm,20,0.6696209475070821
backwardSFS/RandomForestClassifier,mwm,25,0.6954820318867916
backwardSFS/RandomForestClassifier,global_spearman,NA,0.233758937691522
backwardSFS/MLPClassifier,jaccard,5,0.0
backwardSFS/MLPClassifier,jaccard,10,0.1111111111111111
backwardSFS/MLPClassifier,jaccard,15,0.07142857142857142
backwardSFS/MLPClassifier,jaccard,20,0.1111111111111111
backwardSFS/MLPClassifier,jaccard,25,0.1111111111111111
backwardSFS/MLPClassifier,dice,5,0.0
backwardSFS/MLPClassifier,dice,10,0.2
backwardSFS/MLPClassifier,dice,15,0.13333333333333333
backwardSFS/MLPClassifier,dice,20,0.2
backwardSFS/MLPClassifier,dice,25,0.2
backwardSFS/MLPClassifier,kuncheva,5,-0.05952380952380952
backwardSFS/MLPClassifier,kuncheva,10,0.09873417721518987
backwardSFS/MLPClassifier,kuncheva,15,-0.04234234234234234
backwardSFS/MLPClassifier,kuncheva,20,-0.03188405797101449
backwardSFS/MLPClassifier,kuncheva,25,-0.1125
backwardSFS/MLPClassifier,mwm,5,0.2996867686768677
backwardSFS/MLPClassifier,mwm,10,0.5091413141314132
backwardSFS/MLPClassifier,mwm,15,0.4955133242102639
backwardSFS/MLPClassifier,mwm,20,0.5441786832749058
backwardSFS/MLPClassifier,mwm,25,0.5864085104061729
backwardSFS/MLPClassifier,global_spearman,NA,-0.10660537963908756
backwardSFS/MLPClassifier,jaccard,5,0.1111111111111111
backwardSFS/MLPClassifier,jaccard,10,0.1111111111111111
backwardSFS/MLPClassifier,jaccard,15,0.15384615384615385
backwardSFS/MLPClassifier,jaccard,20,0.17647058823529413
backwardSFS/MLPClassifier,jaccard,25,0.19047619047619047
backwardSFS/MLPClassifier,dice,5,0.2
backwardSFS/MLPClassifier,dice,10,0.2
backwardSFS/MLPClassifier,dice,15,0.26666666666666666
backwardSFS/MLPClassifier,dice,20,0.3
backwardSFS/MLPClassifier,dice,25,0.32
backwardSFS/MLPClassifier,kuncheva,5,0.1523809523809524
backwardSFS/MLPClassifier,kuncheva,10,0.09873417721518987
backwardSFS/MLPClassifier,kuncheva,15,0.11801801801801802
backwardSFS/MLPClassifier,kuncheva,20,0.09710144927536232
backwardSFS/MLPClassifier,kuncheva,25,0.054375
backwardSFS/MLPClassifier,mwm,5,0.3661590159015901
backwardSFS/MLPClassifier,mwm,10,0.538065406540654
backwardSFS/MLPClassifier,mwm,15,0.5744726472647267
backwardSFS/MLPClassifier,mwm,20,0.6057089708970895
backwardSFS/MLPClassifier,mwm,25,0.6629496549654965
backwardSFS/MLPClassifier,global_spearman,NA,-0.008546135512427666
backwardSFS/MLPClassifier,jaccard,5,0.0
backwardSFS/MLPClassifier,jaccard,10,0.05263157894736842
backwardSFS/MLPClassifier,jaccard,15,0.1111111111111111
backwardSFS/MLPClassifier,jaccard,20,0.14285714285714285
backwardSFS/MLPClassifier,jaccard,25,0.19047619047619047
backwardSFS/MLPClassifier,dice,5,0.0
backwardSFS/MLPClassifier,dice,10,0.1
backwardSFS/MLPClassifier,dice,15,0.2
backwardSFS/MLPClassifier,dice,20,0.25
backwardSFS/MLPClassifier,dice,25,0.32
backwardSFS/MLPClassifier,kuncheva,5,-0.05952380952380952
backwardSFS/MLPClassifier,kuncheva,10,-0.013924050632911392
backwardSFS/MLPClassifier,kuncheva,15,0.03783783783783784
backwardSFS/MLPClassifier,kuncheva,20,0.03260869565217391
backwardSFS/MLPClassifier,kuncheva,25,0.054375
backwardSFS/MLPClassifier,mwm,5,0.4278931893189319
backwardSFS/MLPClassifier,mwm,10,0.46296394176294714
backwardSFS/MLPClassifier,mwm,15,0.5464873514587121
backwardSFS/MLPClassifier,mwm,20,0.5755312018992484
backwardSFS/MLPClassifier,mwm,25,0.6303823846549877
backwardSFS/MLPClassifier,global_spearman,NA,0.11169560776302345
backwardSFS/MLPClassifier,jaccard,5,0.0
backwardSFS/MLPClassifier,jaccard,10,0.3333333333333333
backwardSFS/MLPClassifier,jaccard,15,0.25
backwardSFS/MLPClassifier,jaccard,20,0.2903225806451613
backwardSFS/MLPClassifier,jaccard,25,0.3157894736842105
backwardSFS/MLPClassifier,dice,5,0.0
backwardSFS/MLPClassifier,dice,10,0.5
backwardSFS/MLPClassifier,dice,15,0.4
backwardSFS/MLPClassifier,dice,20,0.45
backwardSFS/MLPClassifier,dice,25,0.48
backwardSFS/MLPClassifier,kuncheva,5,-0.05952380952380952
backwardSFS/MLPClassifier,kuncheva,10,0.43670886075949367
backwardSFS/MLPClassifier,kuncheva,15,0.27837837837837837
backwardSFS/MLPClassifier,kuncheva,20,0.29057971014492756
backwardSFS/MLPClassifier,kuncheva,25,0.276875
backwardSFS/MLPClassifier,mwm,5,0.3776153615361536
backwardSFS/MLPClassifier,mwm,10,0.7386222622262226
backwardSFS/MLPClassifier,mwm,15,0.6760764076407643
backwardSFS/MLPClassifier,mwm,20,0.6843264326432643
backwardSFS/MLPClassifier,mwm,25,0.6871934358548859
backwardSFS/MLPClassifier,global_spearman,NA,0.24606741573033708
backwardSFS/MLPClassifier,jaccard,5,0.0
backwardSFS/MLPClassifier,jaccard,10,0.05263157894736842
backwardSFS/MLPClassifier,jaccard,15,0.07142857142857142
backwardSFS/MLPClassifier,jaccard,20,0.21212121212121213
backwardSFS/MLPClassifier,jaccard,25,0.19047619047619047
backwardSFS/MLPClassifier,dice,5,0.0
backwardSFS/MLPClassifier,dice,10,0.1
backwardSFS/MLPClassifier,dice,15,0.13333333333333333
backwardSFS/MLPClassifier,dice,20,0.35
backwardSFS/MLPClassifier,dice,25,0.32
backwardSFS/MLPClassifier,kuncheva,5,-0.05952380952380952
backwardSFS/MLPClassifier,kuncheva,10,-0.013924050632911392
backwardSFS/MLPClassifier,kuncheva,15,-0.04234234234234234
backwardSFS/MLPClassifier,kuncheva,20,0.16159420289855073
backwardSFS/MLPClassifier,kuncheva,25,0.054375
backwardSFS/MLPClassifier,mwm,5,0.3536033603360336
backwardSFS/MLPClassifier,mwm,10,0.4367608760876087
backwardSFS/MLPClassifier,mwm,15,0.4840807638391068
backwardSFS/MLPClassifier,mwm,20,0.6136379117871373
backwardSFS/MLPClassifier,mwm,25,0.6123107062843963
backwardSFS/MLPClassifier,global_spearman,NA,0.03093292475314946
backwardSFS/MLPClassifier,jaccard,5,0.0
backwardSFS/MLPClassifier,jaccard,10,0.1111111111111111
backwardSFS/MLPClassifier,jaccard,15,0.15384615384615385
backwardSFS/MLPClassifier,jaccard,20,0.1111111111111111
backwardSFS/MLPClassifier,jaccard,25,0.19047619047619047
backwardSFS/MLPClassifier,dice,5,0.0
backwardSFS/MLPClassifier,dice,10,0.2
backwardSFS/MLPClassifier,dice,15,0.26666666666666666
backwardSFS/MLPClassifier,dice,20,0.2
backwardSFS/MLPClassifier,dice,25,0.32
backwardSFS/MLPClassifier,kuncheva,5,-0.05952380952380952
backwardSFS/MLPClassifier,kuncheva,10,0.09873417721518987
backwardSFS/MLPClassifier,kuncheva,15,0.11801801801801802
backwardSFS/MLPClassifier,kuncheva,20,-0.03188405797101449
backwardSFS/MLPClassifier,kuncheva,25,0.054375
backwardSFS/MLPClassifier,mwm,5,0.18693789378937892
backwardSFS/MLPClassifier,mwm,10,0.49871119655862906
backwardSFS/MLPClassifier,mwm,15,0.5489570334960059
backwardSFS/MLPClassifier,mwm,20,0.5526932174511752
backwardSFS/MLPClassifier,mwm,25,0.6105638518965493
backwardSFS/MLPClassifier,global_spearman,NA,0.15921007831120193
backwardSFS/MLPClassifier,jaccard,5,0.0
backwardSFS/MLPClassifier,jaccard,10,0.1111111111111111
backwardSFS/MLPClassifier,jaccard,15,0.15384615384615385
backwardSFS/MLPClassifier,jaccard,20,0.14285714285714285
backwardSFS/MLPClassifier,jaccard,25,0.16279069767441862
backwardSFS/MLPClassifier,dice,5,0.0
backwardSFS/MLPClassifier,dice,10,0.2
backwardSFS/MLPClassifier,dice,15,0.26666666666666666
backwardSFS/MLPClassifier,dice,20,0.25
backwardSFS/MLPClassifier,dice,25,0.28
backwardSFS/MLPClassifier,kuncheva,5,-0.05952380952380952
backwardSFS/MLPClassifier,kuncheva,10,0.09873417721518987
backwardSFS/MLPClassifier,kuncheva,15,0.11801801801801802
backwardSFS/MLPClassifier,kuncheva,20,0.03260869565217391
backwardSFS/MLPClassifier,kuncheva,25,-0.00125
backwardSFS/MLPClassifier,mwm,5,0.3271647164716472
backwardSFS/MLPClassifier,mwm,10,0.5090333033303329
backwardSFS/MLPClassifier,mwm,15,0.5085714300208449
backwardSFS/MLPClassifier,mwm,20,0.5602175697529341
backwardSFS/MLPClassifier,mwm,25,0.5888427776189379
backwardSFS/MLPClassifier,global_spearman,NA,0.1651174668028601
backwardSFS/MLPClassifier,jaccard,5,0.1111111111111111
backwardSFS/MLPClassifier,jaccard,10,0.1111111111111111
backwardSFS/MLPClassifier,jaccard,15,0.1111111111111111
backwardSFS/MLPClassifier,jaccard,20,0.14285714285714285
backwardSFS/MLPClassifier,jaccard,25,0.19047619047619047
backwardSFS/MLPClassifier,dice,5,0.2
backwardSFS/MLPClassifier,dice,10,0.2
backwardSFS/MLPClassifier,dice,15,0.2
backwardSFS/MLPClassifier,dice,20,0.25
backwardSFS/MLPClassifier,dice,25,0.32
backwardSFS/MLPClassifier,kuncheva,5,0.1523809523809524
backwardSFS/MLPClassifier,kuncheva,10,0.09873417721518987
backwardSFS/MLPClassifier,kuncheva,15,0.03783783783783784
backwardSFS/MLPClassifier,kuncheva,20,0.03260869565217391
backwardSFS/MLPClassifier,kuncheva,25,0.054375
backwardSFS/MLPClassifier,mwm,5,0.45739693969396933
backwardSFS/MLPClassifier,mwm,10,0.5128164024023697
backwardSFS/MLPClassifier,mwm,15,0.5523343847431669
backwardSFS/MLPClassifier,mwm,20,0.6060758150638013
backwardSFS/MLPClassifier,mwm,25,0.6389900878382955
backwardSFS/MLPClassifier,global_spearman,NA,-0.06853932584269673
backwardSFS/MLPClassifier,jaccard,5,0.0
backwardSFS/MLPClassifier,jaccard,10,0.0
backwardSFS/MLPClassifier,jaccard,15,0.07142857142857142
backwardSFS/MLPClassifier,jaccard,20,0.1111111111111111
backwardSFS/MLPClassifier,jaccard,25,0.19047619047619047
backwardSFS/MLPClassifier,dice,5,0.0
backwardSFS/MLPClassifier,dice,10,0.0
backwardSFS/MLPClassifier,dice,15,0.13333333333333333
backwardSFS/MLPClassifier,dice,20,0.2
backwardSFS/MLPClassifier,dice,25,0.32
backwardSFS/MLPClassifier,kuncheva,5,-0.05952380952380952
backwardSFS/MLPClassifier,kuncheva,10,-0.12658227848101267
backwardSFS/MLPClassifier,kuncheva,15,-0.04234234234234234
backwardSFS/MLPClassifier,kuncheva,20,-0.03188405797101449
backwardSFS/MLPClassifier,kuncheva,25,0.054375
backwardSFS/MLPClassifier,mwm,5,0.33819621962196217
backwardSFS/MLPClassifier,mwm,10,0.5263162316231622
backwardSFS/MLPClassifier,mwm,15,0.5600736073607361
backwardSFS/MLPClassifier,mwm,20,0.5915055505550556
backwardSFS/MLPClassifier,mwm,25,0.65835045290303
backwardSFS/MLPClassifier,global_spearman,NA,-0.1033197139938713
backwardSFS/MLPClassifier,jaccard,5,0.0
backwardSFS/MLPClassifier,jaccard,10,0.05263157894736842
backwardSFS/MLPClassifier,jaccard,15,0.034482758620689655
backwardSFS/MLPClassifier,jaccard,20,0.08108108108108109
backwardSFS/MLPClassifier,jaccard,25,0.13636363636363635
backwardSFS/MLPClassifier,dice,5,0.0
backwardSFS/MLPClassifier,dice,10,0.1
backwardSFS/MLPClassifier,dice,15,0.06666666666666667
backwardSFS/MLPClassifier,dice,20,0.15
backwardSFS/MLPClassifier,dice,25,0.24
backwardSFS/MLPClassifier,kuncheva,5,-0.05952380952380952
backwardSFS/MLPClassifier,kuncheva,10,-0.013924050632911392
backwardSFS/MLPClassifier,kuncheva,15,-0.12252252252252252
backwardSFS/MLPClassifier,kuncheva,20,-0.0963768115942029
backwardSFS/MLPClassifier,kuncheva,25,-0.056875
backwardSFS/MLPClassifier,mwm,5,0.41027062706270634
backwardSFS/MLPClassifier,mwm,10,0.49726619898021623
backwardSFS/MLPClassifier,mwm,15,0.4791451331222985
backwardSFS/MLPClassifier,mwm,20,0.5188590084589515
backwardSFS/MLPClassifier,mwm,25,0.5622585893791272
backwardSFS/MLPClassifier,global_spearman,NA,0.12105890364317329
